sl,First Name,Last Name,Email,Phone,Submitted date,Reminder date
1,errortest,errortest,errortest@test.com,12345678,15-01-2019,17-01-2019
2,test,test,test@test.com,1234123456,15-01-2019,17-01-2019
3,test1,test1,test1@test1.com,2234123456,15-01-2019,17-01-2019
4,test2,test2,test2@test2.com,3234123456,15-01-2019,17-01-2019
5,test,test,test@test.com,1234123456,15-01-2019,17-01-2019
6,test1,test1,test1@test1.com,2234123456,15-01-2019,17-01-2019
7,test2,test2,test2@test2.com,3234123456,15-01-2019,17-01-2019
8,100,"Cloud 9",Open,"1st rouned of meeting done at #cloud 9#, reference from groups security,still under builders possession connected with the builders group-signum group, like the product needs another meeting with the purchase head to take things ahead.swayang kar thanks for the support.11:40 am",,
9,101,"Cloud 9",Open,"1st rouned of meeting done at #cloud 9#, reference from groups security,still under builders possession connected with the builders group-signum group, like the product needs another meeting with the purchase head to take things ahead.swayang kar thanks for the support.11:40 am",,
10,102,"Cloud 9",Open,"1st rouned of meeting done at #cloud 9#, reference from groups security,still under builders possession connected with the builders group-signum group, like the product needs another meeting with the purchase head to take things ahead.swayang kar thanks for the support.11:40 am",,
11,103,"Cloud 9",Open,"1st rouned of meeting done at #cloud 9#, reference from groups security,still under builders possession connected with the builders group-signum group, like the product needs another meeting with the purchase head to take things ahead.swayang kar thanks for the support.11:40 am",,
12,100,"Cloud 9",Open,"1st rouned of meeting done at #cloud 9#, reference from groups security,still under builders possession connected with the builders group-signum group, like the product needs another meeting with the purchase head to take things ahead.swayang kar thanks for the support.11:40 am",,
13,101,"Cloud 9",Open,"1st rouned of meeting done at #cloud 9#, reference from groups security,still under builders possession connected with the builders group-signum group, like the product needs another meeting with the purchase head to take things ahead.swayang kar thanks for the support.11:40 am",,
14,102,"Cloud 9",Open,"1st rouned of meeting done at #cloud 9#, reference from groups security,still under builders possession connected with the builders group-signum group, like the product needs another meeting with the purchase head to take things ahead.swayang kar thanks for the support.11:40 am",,
15,103,"Cloud 9",Open,"1st rouned of meeting done at #cloud 9#, reference from groups security,still under builders possession connected with the builders group-signum group, like the product needs another meeting with the purchase head to take things ahead.swayang kar thanks for the support.11:40 am",,
16,100,"Cloud 9",Open,"1st rouned of meeting done at #cloud 9#, reference from groups security,still under builders possession connected with the builders group-signum group, like the product needs another meeting with the purchase head to take things ahead.swayang kar thanks for the support.11:40 am",,
17,101,"Cloud 9",Open,"1st rouned of meeting done at #cloud 9#, reference from groups security,still under builders possession connected with the builders group-signum group, like the product needs another meeting with the purchase head to take things ahead.swayang kar thanks for the support.11:40 am",,
18,102,"Cloud 9",Open,"1st rouned of meeting done at #cloud 9#, reference from groups security,still under builders possession connected with the builders group-signum group, like the product needs another meeting with the purchase head to take things ahead.swayang kar thanks for the support.11:40 am",,
19,103,"Cloud 9",Open,"1st rouned of meeting done at #cloud 9#, reference from groups security,still under builders possession connected with the builders group-signum group, like the product needs another meeting with the purchase head to take things ahead.swayang kar thanks for the support.11:40 am",,
